;Opp_name;annee;cluster_player
0;Tristan Thompson;2020;1.0
1;;2020;
2;Pascal Siakam;2020;0.0
4;Giannis Antetokounmpo;2020;1.0
8;Dillon Brooks;2020;0.0
12;Rui Hachimura;2020;1.0
15;Sekou Doumbouya;2020;1.0
18;Eric Paschall;2020;0.0
20;Frank Kaminsky;2020;0.0
23;LeBron James;2020;0.0
24;Danuel House;2020;0.0
26;Joe Ingles;2020;0.0
28;Carmelo Anthony;2020;1.0
32;Jabari Parker;2020;0.0
34;Duncan Robinson;2020;0.0
41;Maurice Harkless;2020;0.0
43;Cody Zeller;2020;0.0
46;Patrick Patterson;2020;0.0
50;Enes Kanter;2020;4.0
51;Taj Gibson;2020;0.0
58;Juancho Hernangomez;2020;4.0
60;Rodney Hood;2020;1.0
63;Robert Covington;2020;1.0
66;Richaun Holmes;2020;1.0
80;Justin Jackson;2020;2.0
82;Doug McDermott;2020;4.0
89;Alfonzo McKinnie;2020;4.0
96;Kyle Kuzma;2020;4.0
116;Jaden McDaniels;2020;3.0
142;Wayne Ellington;2020;4.0
144;Jamal Murray;2020;0.0
145;Terrance Ferguson;2020;0.0
148;Malcolm Brogdon;2020;1.0
149;Furkan Korkmaz;2020;4.0
150;Dejounte Murray;2020;1.0
151;Bradley Beal;2020;1.0
152;Norman Powell;2020;0.0
153;Jeremy Lamb;2020;1.0
154;Luke Kennard;2020;0.0
157;Alec Burks;2020;0.0
158;Isaac Bonga;2020;1.0
159;Devin Booker;2020;1.0
162;Kentavious Caldwell-Pope;2020;3.0
163;James Harden;2020;1.0
165;Donovan Mitchell;2020;1.0
168;Zach LaVine;2020;0.0
170;Donte DiVincenzo;2020;0.0
173;Kendrick Nunn;2020;0.0
175;Joe Harris;2020;1.0
186;Tyler Herro;2020;3.0
189;Romeo Langford;2020;4.0
190;Reggie Bullock;2020;0.0
193;Bruce Brown,;2020;0.0
197;Malik Beasley;2020;4.0
203;Grayson Allen;2020;4.0
205;Bogdan Bogdanovic;2020;1.0
208;Shake Milton;2020;0.0
215;Dwayne Bacon;2020;3.0
219;Semi Ojeleye;2020;3.0
220;Kevin Knox;2020;4.0
221;Pat Connaughton;2020;4.0
223;Svi Mykhailiuk;2020;4.0
229;Trevor Ariza;2020;4.0
230;Solomon Hill;2020;4.0
231;Jake Layman;2020;4.0
234;Rodions Kurucs;2020;4.0
235;DaQuan Jeffries;2020;3.0
239;Jayson Tatum;2020;1.0
246;Kevin Durant;2020;
248;Andre Iguodala;2020;2.0
250;Otto Porter;2020;1.0
251;Brandon Ingram;2020;1.0
253;Justin Holiday;2020;4.0
254;Keita Bates-Diop;2020;2.0
256;Vlatko Cancar;2020;4.0
259;Justise Winslow;2020;3.0
261;Trey Lyles;2020;0.0
266;Terrence Ross;2020;4.0
268;Rudy Gay;2020;4.0
270;Miles Bridges;2020;3.0
284;DeMar DeRozan;2020;0.0
286;Jimmy Butler;2020;1.0
295;Gordon Hayward;2020;0.0
300;DeAndre' Bembry;2020;2.0
302;Kent Bazemore;2020;3.0
305;Torrey Craig;2020;0.0
351;Ogugua Anunoby;2020;0.0
353;Khris Middleton;2020;1.0
355;Danilo Gallinari;2020;0.0
356;Luka Doncic;2020;1.0
357;Jae Crowder;2020;1.0
368;Davis Bertans;2020;4.0
369;Kelly Oubre,;2020;0.0
378;Lauri Markkanen;2020;1.0
381;Kevin Huerter;2020;0.0
384;Miye Oni;2020;2.0
389;Talen Horton-Tucker;2020;4.0
390;Mfiondu Kabengele;2020;3.0
393;Abdel Nader;2020;4.0
422;Dean Wade;2020;4.0
427;Michael Porter,;2020;4.0
430;Kyle Anderson;2020;4.0
433;Chimezie Metu;2020;2.0
435;Chris Boucher;2020;4.0
436;Domantas Sabonis;2020;0.0
437;Blake Griffin;2020;1.0
447;Nicolo Melli;2020;4.0
448;Juwan Morgan;2020;2.0
452;Mike Scott;2020;2.0
461;Nemanja Bjelica;2020;0.0
466;Darius Bazley;2020;4.0
471;Jalen McDaniels;2020;4.0
473;Julius Randle;2020;1.0
480;Jarred Vanderbilt;2020;2.0
481;Luka Samanic;2020;
482;Wenyen Gabriel;2020;3.0
483;Chris Silva;2020;4.0
488;Harry Giles;2020;4.0
501;Shai Gilgeous-Alexander;2020;1.0
504;Aaron Holiday;2020;0.0
511;Collin Sexton;2020;0.0
517;Eric Bledsoe;2020;1.0
521;Mike Conley;2020;1.0
524;Tomas Satoransky;2020;0.0
531;Spencer Dinwiddie;2020;1.0
534;De'Aaron Fox;2020;1.0
535;Avery Bradley;2020;0.0
536;Patrick Beverley;2020;1.0
538;Devonte' Graham;2020;0.0
540;Marcus Smart;2020;0.0
541;Landry Shamet;2020;0.0
548;Trae Young;2020;1.0
561;Cory Joseph;2020;3.0
575;Jalen Brunson;2020;0.0
576;Tyus Jones;2020;3.0
578;Raulzinho Neto;2020;4.0
580;Ish Smith;2020;3.0
581;Kyle Lowry;2020;1.0
588;Jared Harper;2020;
592;Chris Clemons;2020;3.0
593;Lonzo Ball;2020;1.0
601;John Wall;2020;
604;Chris Chiozza;2020;3.0
608;Rajon Rondo;2020;3.0
612;Dennis Schroder;2020;4.0
618;Tremont Waters;2020;3.0
621;Jeff Teague;2020;3.0
622;Derrick Rose;2020;0.0
642;Bruno Fernando;2020;4.0
643;Serge Ibaka;2020;4.0
652;Jakob Poeltl;2020;4.0
655;Goga Bitadze;2020;4.0
664;Dwight Howard;2020;2.0
670;Daniel Gafford;2020;3.0
673;Alex Len;2020;3.0
674;Anzejs Pasecniks;2020;2.0
675;Kelly Olynyk;2020;2.0
676;Tony Bradley;2020;4.0
677;Nicolas Claxton;2020;4.0
679;Deandre Ayton;2020;3.0
684;Willy Hernangomez;2020;3.0
686;Vincent Poirier;2020;2.0
692;Mitchell Robinson;2020;4.0
697;DeAndre Jordan;2020;3.0
700;Drew Eubanks;2020;3.0
712;Jarrett Allen;2020;1.0
715;John Collins;2020;1.0
721;Dwight Powell;2020;0.0
724;Ben Simmons;2020;0.0
732;Alen Smailagic;2020;3.0
737;Kostas Antetokounmpo;2020;2.0
743;Wendell Carter,;2020;1.0
768;Christian Wood;2020;4.0
791;Thanasis Antetokounmpo;2020;3.0
794;Isaiah Roby;2020;3.0
797;Matisse Thybulle;2020;4.0
806;Troy Brown,;2020;4.0
811;Gary Clark;2020;3.0
847;Nassir Little;2020;4.0
887;Jerami Grant;2020;0.0
889;Thaddeus Young;2020;3.0
903;Nicolas Batum;2020;3.0
906;Montrezl Harrell;2020;3.0
907;James Johnson;2020;4.0
931;Timothe Luwawu-Cabarrot;2020;4.0
938;Coby White;2020;4.0
942;Markelle Fultz;2020;1.0
949;Dante Exum;2020;3.0
957;Carsen Edwards;2020;3.0
977;Ty Jerome;2020;3.0
1015;Nikola Vucevic;2020;0.0
1020;Khem Birch;2020;4.0
1023;De'Andre Hunter;2020;0.0
1032;Bismack Biyombo;2020;3.0
1033;Jared Dudley;2020;4.0
1051;Marquese Chriss;2020;4.0
1085;Cody Martin;2020;0.0
1088;Al-Farouq Aminu;2020;4.0
1122;Georges Niang;2020;4.0
1126;Denzel Valentine;2020;4.0
1141;Luke Kornet;2020;1.0
1146;Wesley Iwundu;2020;0.0
1152;Langston Galloway;2020;4.0
1153;Darius Garland;2020;1.0
1154;Tony Snell;2020;0.0
1156;Matt Dellavedova;2020;3.0
1157;Max Strus;2020;
1160;Reggie Jackson;2020;0.0
1165;Kyrie Irving;2020;1.0
1167;John Konchar;2020;0.0
1170;Josh Richardson;2020;1.0
1181;George Hill;2020;3.0
1183;Goran Dragic;2020;3.0
1185;Trey Burke;2020;3.0
1195;Jordan Clarkson;2020;4.0
1199;Shaquille Harrison;2020;4.0
1207;Elfrid Payton;2020;1.0
1208;Patrick McCaw;2020;0.0
1212;Derrick White;2020;0.0
1215;Delon Wright;2020;4.0
1222;Gabe Vincent;2020;4.0
1239;Mohamed Bamba;2020;4.0
1265;Naz Reid;2020;3.0
1272;Cristiano Felicio;2020;2.0
1274;Boban Marjanovic;2020;4.0
1277;Jahlil Okafor;2020;4.0
1288;Willie Cauley-Stein;2020;0.0
1297;Meyers Leonard;2020;0.0
1300;Jordan Bone;2020;3.0
1305;Garrison Mathews;2020;3.0
1312;Evan Fournier;2020;1.0
1326;Kyle Guy;2020;3.0
1338;Jarrett Culver;2020;1.0
1350;Josh Hart;2020;1.0
1353;Damyean Dotson;2020;4.0
1368;KZ Okpala;2020;2.0
1439;Dario Saric;2020;4.0
1454;Hamidou Diallo;2020;4.0
1482;Adam Mokoka;2020;4.0
1501;Malik Monk;2020;4.0
1512;Mikal Bridges;2020;3.0
1518;Kevin Love;2020;0.0
1535;Al Horford;2020;0.0
1549;Derrick Favors;2020;1.0
1551;Paul Millsap;2020;1.0
1557;Gorgui Dieng;2020;4.0
1566;Kristaps Porzingis;2020;1.0
1601;Eric Gordon;2020;0.0
1613;Javonte Green;2020;3.0
1625;Cam Reddish;2020;0.0
1630;Jordan McLaughlin;2020;3.0
1632;Patty Mills;2020;0.0
1635;Stephen Curry;2020;3.0
1637;Ryan Arcidiacono;2020;4.0
1640;Fred VanVleet;2020;1.0
1643;Caris LeVert;2020;1.0
1658;Ricky Rubio;2020;0.0
1659;Alex Caruso;2020;3.0
1707;Jonathan Isaac;2020;0.0
1715;Grant Williams;2020;2.0
1723;Amir Coffey;2020;2.0
1879;Ed Davis;2020;4.0
1880;Moe Wagner;2020;3.0
1891;JaMychal Green;2020;2.0
1902;Marvin Bagley;2020;2.0
1916;Isaiah Hartenstein;2020;2.0
1944;Mason Plumlee;2020;4.0
1946;Brandon Clarke;2020;4.0
1989;Quinn Cook;2020;0.0
1995;Michael Carter-Williams;2020;4.0
2025;Jordan Poole;2020;4.0
2026;Ben McLemore;2020;4.0
2027;Anfernee Simons;2020;4.0
2028;Nickeil Alexander-Walker;2020;4.0
2030;Lonnie Walker;2020;4.0
2062;Josh Okogie;2020;3.0
2071;Justin James;2020;4.0
2083;Rodney McGruder;2020;4.0
2091;Jerome Robinson;2020;3.0
2092;Jalen Lecque;2020;3.0
2094;Terance Mann;2020;3.0
2100;Dylan Windler;2020;
2112;Ignas Brazdeikis;2020;3.0
2239;Robin Lopez;2020;3.0
2446;Rudy Gobert;2020;0.0
2447;Thomas Bryant;2020;3.0
2450;Moses Brown;2020;4.0
2457;Joel Embiid;2020;0.0
2458;Ivica Zubac;2020;0.0
2459;JaVale McGee;2020;4.0
2462;Hassan Whiteside;2020;3.0
2466;Karl-Anthony Towns;2020;0.0
2470;Nikola Jokic;2020;1.0
2472;Jonas Valanciunas;2020;3.0
2473;Aron Baynes;2020;4.0
2498;Daniel Theis;2020;0.0
2505;Brook Lopez;2020;0.0
2516;Bam Adebayo;2020;0.0
2561;Austin Rivers;2020;3.0
2564;Jaylen Nowell;2020;2.0
2572;Frank Jackson;2020;1.0
2752;Brandon Goodwin;2020;2.0
2802;Zach Collins;2020;4.0
2857;DeMarcus Cousins;2020;
2889;Andre Drummond;2020;3.0
2908;Steven Adams;2020;0.0
2935;Bojan Bogdanovic;2020;0.0
2936;Yuta Watanabe;2020;3.0
2992;Theo Pinson;2020;3.0
3181;Victor Oladipo;2020;0.0
3235;Seth Curry;2020;1.0
3351;Buddy Hield;2020;0.0
3360;Terry Rozier;2020;0.0
3382;David Nwaba;2020;3.0
3387;Damian Lillard;2020;1.0
3419;Edmond Sumner;2020;4.0
3602;Zion Williamson;2020;4.0
3709;LaMarcus Aldridge;2020;1.0
3714;Myles Turner;2020;1.0
3764;Jusuf Nurkic;2020;1.0
3783;Quinndary Weatherspoon;2020;2.0
3802;Brad Wanamaker;2020;4.0
3957;Chandler Hutchison;2020;2.0
3967;De'Anthony Melton;2020;4.0
4004;Marc Gasol;2020;0.0
4087;Jrue Holiday;2020;1.0
4088;Garrett Temple;2020;1.0
4097;Russell Westbrook;2020;0.0
4220;Bobby Portis;2020;4.0
4285;Jevon Carter;2020;3.0
4349;Jaylen Adams;2020;
4433;Monte Morris;2020;4.0
4479;Cameron Payne;2020;4.0
4563;Kawhi Leonard;2020;0.0
4592;Draymond Green;2020;1.0
4634;Aaron Gordon;2020;1.0
4762;Kris Dunn;2020;4.0
5016;Will Barton;2020;0.0
5019;Paul George;2020;1.0
5164;Tyler Johnson;2020;4.0
5212;Ja Morant;2020;1.0
5239;Luguentz Dort;2020;1.0
5309;Bol Bol;2020;4.0
5331;Tacko Fall;2020;2.0
5517;Kevon Looney;2020;3.0
5672;Gary Harris;2020;1.0
5795;Juan Toscano-Anderson;2020;0.0
6313;Bryn Forbes;2020;1.0
6377;James Ennis;2020;4.0
6422;Paul Watson;2020;
6675;Devontae Cacok;2020;
6765;Dorian Finney-Smith;2020;0.0
7459;Sindarius Thornwell;2020;
9578;Darius Miller;2020;
9599;Mychal Mulder;2020;1.0
10503;Jarrell Brantley;2020;3.0
10803;Udonis Haslem;2020;
10821;Nerlens Noel;2020;4.0
10846;Mike Muscala;2020;2.0
15058;Andrew Wiggins;2020;0.0
16096;Klay Thompson;2020;
24817;Maurice Harkless;2021;2.0
24818;;2021;
24820;Justin Jackson;2021;4.0
24826;Giannis Antetokounmpo;2021;1.0
24827;Tristan Thompson;2021;1.0
24831;Doug McDermott;2021;4.0
24833;Richaun Holmes;2021;1.0
24834;Nicolas Batum;2021;0.0
24835;Pascal Siakam;2021;0.0
24836;Duncan Robinson;2021;0.0
24842;Bojan Bogdanovic;2021;4.0
24844;Kawhi Leonard;2021;1.0
24845;Rodney Hood;2021;4.0
24846;Taj Gibson;2021;4.0
24847;Eric Paschall;2021;3.0
24848;Saddiq Bey;2021;3.0
24851;Joe Ingles;2021;4.0
24867;Mike Scott;2021;4.0
24868;Chris Boucher;2021;2.0
24871;Harry Giles;2021;4.0
24873;Nemanja Bjelica;2021;4.0
24880;Juwan Morgan;2021;2.0
24881;Dwight Powell;2021;4.0
24882;Onyeka Okongwu;2021;4.0
24883;Chris Silva;2021;2.0
24889;Zeke Nnaji;2021;2.0
24896;Raulzinho Neto;2021;4.0
24897;Ish Smith;2021;3.0
24898;Theo Maledon;2021;0.0
24899;Tyrese Maxey;2021;3.0
24903;John Wall;2021;1.0
24906;Marcus Smart;2021;0.0
24911;Devonte' Graham;2021;0.0
24913;De'Aaron Fox;2021;1.0
24915;Kyle Lowry;2021;1.0
24917;Coby White;2021;0.0
24923;Isaiah Roby;2021;3.0
24929;Luka Doncic;2021;1.0
24930;Khris Middleton;2021;1.0
24931;Grant Williams;2021;4.0
24932;Kevin Durant;2021;1.0
24934;Anthony Edwards;2021;0.0
24939;Mfiondu Kabengele;2021;4.0
24945;Kelly Oubre,;2021;1.0
24947;Miles Bridges;2021;1.0
24950;Svi Mykhailiuk;2021;4.0
24955;Kevin Huerter;2021;1.0
24957;Trey Lyles;2021;4.0
24959;Kevin Knox;2021;4.0
24961;Semi Ojeleye;2021;4.0
24963;Dario Saric;2021;3.0
24968;Tyler Herro;2021;3.0
24969;Isaac Bonga;2021;3.0
24973;Malik Beasley;2021;1.0
24974;Malcolm Brogdon;2021;1.0
24980;Norman Powell;2021;0.0
24981;Zach LaVine;2021;1.0
24982;Reggie Bullock;2021;0.0
24984;Wayne Ellington;2021;0.0
24986;Joe Harris;2021;0.0
24987;Donovan Mitchell;2021;0.0
24989;Alec Burks;2021;4.0
24992;Jamal Murray;2021;1.0
24993;Mikal Bridges;2021;1.0
24994;Josh Hart;2021;4.0
24996;Ben McLemore;2021;4.0
24997;Troy Brown,;2021;4.0
24998;Matisse Thybulle;2021;2.0
25000;Lamar Stevens;2021;2.0
25004;Thanasis Antetokounmpo;2021;4.0
25016;Lauri Markkanen;2021;0.0
25024;Miye Oni;2021;2.0
25026;Solomon Hill;2021;4.0
25027;Precious Achiuwa;2021;4.0
25028;Rudy Gay;2021;4.0
25041;Gordon Hayward;2021;1.0
25044;Paul George;2021;1.0
25058;Torrey Craig;2021;2.0
25063;Terrance Ferguson;2021;2.0
25065;Damyean Dotson;2021;4.0
25070;Bruce Brown,;2021;4.0
25071;Austin Rivers;2021;3.0
25073;Justin James;2021;4.0
25074;Terance Mann;2021;4.0
25082;Tremont Waters;2021;4.0
25083;Payton Pritchard;2021;4.0
25092;Dean Wade;2021;4.0
25096;Bobby Portis;2021;4.0
25100;Ed Davis;2021;2.0
25104;Chimezie Metu;2021;2.0
25122;Luka Samanic;2021;2.0
25136;Shai Gilgeous-Alexander;2021;1.0
25139;Dante Exum;2021;0.0
25140;Collin Sexton;2021;1.0
25148;Tyrese Haliburton;2021;3.0
25149;Chris Paul;2021;1.0
25157;Trae Young;2021;1.0
25165;Dennis Schroder;2021;0.0
25167;Marques Bolden;2021;2.0
25169;DeMarcus Cousins;2021;4.0
25171;Hassan Whiteside;2021;4.0
25172;Ivica Zubac;2021;4.0
25175;Cristiano Felicio;2021;3.0
25181;Nicolas Claxton;2021;2.0
25183;Bruno Fernando;2021;4.0
25185;Drew Eubanks;2021;3.0
25196;Darius Bazley;2021;0.0
25197;Ben Simmons;2021;0.0
25201;Christian Wood;2021;0.0
25206;Julius Randle;2021;0.0
25207;Jarred Vanderbilt;2021;3.0
25208;Domantas Sabonis;2021;0.0
25209;Bismack Biyombo;2021;0.0
25211;Marvin Bagley;2021;1.0
25223;Mason Plumlee;2021;1.0
25228;John Collins;2021;3.0
25235;Michael Porter,;2021;0.0
25241;Talen Horton-Tucker;2021;4.0
25242;Amir Coffey;2021;4.0
25245;Justin Holiday;2021;0.0
25250;Dorian Finney-Smith;2021;0.0
25255;Nate Hinton;2021;4.0
25294;DaQuan Jeffries;2021;3.0
25332;Zion Williamson;2021;1.0
25345;Tony Bradley;2021;4.0
25347;Jarrett Allen;2021;0.0
25348;James Wiseman;2021;3.0
25349;Moses Brown;2021;3.0
25353;JaVale McGee;2021;2.0
25358;Goga Bitadze;2021;4.0
25359;Nick Richards;2021;2.0
25360;Aron Baynes;2021;3.0
25366;Jevon Carter;2021;4.0
25370;Immanuel Quickley;2021;4.0
25371;Landry Shamet;2021;4.0
25378;Avery Bradley;2021;2.0
25379;Tre Jones;2021;4.0
25381;Quinn Cook;2021;4.0
25388;Skylar Mays;2021;3.0
25391;Ty Jerome;2021;3.0
25392;Tyus Jones;2021;4.0
25393;Jalen Brunson;2021;4.0
25394;Aaron Holiday;2021;3.0
25397;Kira Lewis,;2021;2.0
25399;Malachi Flynn;2021;3.0
25406;James Harden;2021;1.0
25412;Isaiah Joe;2021;1.0
25419;KZ Okpala;2021;3.0
25420;Lonnie Walker;2021;1.0
25422;Garrison Mathews;2021;1.0
25425;Tyler Bey;2021;2.0
25436;Kevon Looney;2021;4.0
25453;Xavier Tillman,;2021;4.0
25455;Vernon Carey,;2021;4.0
25456;Nicolo Melli;2021;4.0
25478;Kentavious Caldwell-Pope;2021;1.0
25479;Donte DiVincenzo;2021;1.0
25480;Isaac Okoro;2021;0.0
25481;Hamidou Diallo;2021;4.0
25493;Desmond Bane;2021;4.0
25498;Nickeil Alexander-Walker;2021;0.0
25499;Evan Fournier;2021;1.0
25502;Bogdan Bogdanovic;2021;3.0
25528;Moe Wagner;2021;4.0
25533;Wendell Carter,;2021;3.0
25535;Khem Birch;2021;2.0
25541;Langston Galloway;2021;4.0
25542;Ricky Rubio;2021;1.0
25547;Caris LeVert;2021;0.0
25549;Jordan Clarkson;2021;4.0
25551;Cameron Payne;2021;4.0
25553;Trey Burke;2021;3.0
25554;Max Strus;2021;4.0
25556;Shaquille Harrison;2021;4.0
25562;Alex Caruso;2021;4.0
25564;Russell Westbrook;2021;1.0
25565;Darius Garland;2021;0.0
25567;Edmond Sumner;2021;3.0
25569;Ryan Arcidiacono;2021;4.0
25603;Kyle Anderson;2021;3.0
25609;Nikola Vucevic;2021;0.0
25616;Reggie Jackson;2021;0.0
25617;Brodric Thomas;2021;4.0
25618;Buddy Hield;2021;1.0
25643;Tony Snell;2021;0.0
25644;Damian Lillard;2021;1.0
25647;Patrick Williams;2021;1.0
25650;Ja Morant;2021;1.0
25652;Serge Ibaka;2021;0.0
25655;Deandre Ayton;2021;1.0
25658;Willie Cauley-Stein;2021;4.0
25659;Dwight Howard;2021;4.0
25660;Mitchell Robinson;2021;3.0
25663;Rudy Gobert;2021;1.0
25668;Kelly Olynyk;2021;4.0
25671;Marc Gasol;2021;0.0
25673;Brook Lopez;2021;0.0
25687;Jonas Valanciunas;2021;3.0
25692;Steven Adams;2021;0.0
25701;David Nwaba;2021;1.0
25706;Josh Richardson;2021;0.0
25708;Elfrid Payton;2021;1.0
25710;Stephen Curry;2021;0.0
25712;George Hill;2021;1.0
25721;Bryn Forbes;2021;3.0
25728;Terry Rozier;2021;1.0
25732;Fred VanVleet;2021;1.0
25753;Kristaps Porzingis;2021;0.0
25755;LaMarcus Aldridge;2021;0.0
25761;Al Horford;2021;0.0
25765;Myles Turner;2021;1.0
25774;Daniel Oturu;2021;4.0
25776;Jake Layman;2021;4.0
25785;Pat Connaughton;2021;4.0
25818;DeMar DeRozan;2021;1.0
25877;Tomas Satoransky;2021;0.0
25882;Lonzo Ball;2021;0.0
25897;Jaylen Adams;2021;4.0
25913;Facundo Campazzo;2021;4.0
25922;Patty Mills;2021;0.0
25926;Jrue Holiday;2021;0.0
25927;Delon Wright;2021;1.0
25930;Goran Dragic;2021;0.0
25934;LaMelo Ball;2021;0.0
25943;Monte Morris;2021;4.0
25952;Javonte Green;2021;4.0
25954;Sam Merrill;2021;4.0
25982;Blake Griffin;2021;1.0
26004;Obi Toppin;2021;3.0
26005;Denzel Valentine;2021;3.0
26011;Jae'sean Tate;2021;0.0
26018;Aaron Gordon;2021;0.0
26027;Georges Niang;2021;3.0
26028;Timothe Luwawu-Cabarrot;2021;4.0
26029;Jerami Grant;2021;1.0
26032;Draymond Green;2021;0.0
26038;LeBron James;2021;0.0
26045;Sekou Doumbouya;2021;4.0
26048;Jaden McDaniels;2021;3.0
26060;John Konchar;2021;3.0
26062;Tyler Johnson;2021;4.0
26076;Gabe Vincent;2021;0.0
26091;Willy Hernangomez;2021;4.0
26098;Vincent Poirier;2021;4.0
26101;Bol Bol;2021;2.0
26106;Isaiah Stewart;2021;3.0
26108;Daniel Gafford;2021;4.0
26111;Chandler Hutchison;2021;4.0
26131;Brad Wanamaker;2021;4.0
26144;Otto Porter;2021;2.0
26158;Ogugua Anunoby;2021;1.0
26165;Brandon Ingram;2021;1.0
26173;Jayson Tatum;2021;1.0
26188;Trevor Ariza;2021;0.0
26228;Kendrick Nunn;2021;0.0
26230;Frank Jackson;2021;3.0
26232;Jerome Robinson;2021;3.0
26245;Jusuf Nurkic;2021;1.0
26263;Nerlens Noel;2021;0.0
26269;Paul Millsap;2021;0.0
26288;Garrett Temple;2021;1.0
26296;Derrick White;2021;1.0
26302;Kyrie Irving;2021;1.0
26310;Yuta Watanabe;2021;4.0
26314;Thaddeus Young;2021;4.0
26316;Montrezl Harrell;2021;4.0
26330;Jordan Nwora;2021;4.0
26331;Josh Hall;2021;4.0
26332;Wesley Iwundu;2021;4.0
26337;Derrick Rose;2021;2.0
26355;DeAndre Jordan;2021;3.0
26363;Thomas Bryant;2021;1.0
26368;Andre Drummond;2021;4.0
26400;Rodions Kurucs;2021;4.0
26407;Dwayne Bacon;2021;0.0
26411;Dylan Windler;2021;2.0
26425;Davis Bertans;2021;2.0
26432;Gary Clark;2021;4.0
26433;Justise Winslow;2021;4.0
26491;Cole Anthony;2021;1.0
26530;Frank Kaminsky;2021;3.0
26536;Spencer Dinwiddie;2021;1.0
26557;Michael Carter-Williams;2021;0.0
26562;Eric Bledsoe;2021;1.0
26565;Mamadi Diakite;2021;2.0
26590;Brandon Clarke;2021;3.0
26605;Karim Mane;2021;3.0
26629;Cory Joseph;2021;3.0
26647;Terrence Ross;2021;4.0
26732;James Johnson;2021;3.0
26735;Rui Hachimura;2021;1.0
26754;Nassir Little;2021;3.0
26766;Robert Woodard;2021;4.0
26782;Keljin Blevins;2021;4.0
26785;Jordan McLaughlin;2021;4.0
26805;Mike Conley;2021;0.0
26807;Patrick Beverley;2021;1.0
26822;Carsen Edwards;2021;1.0
26834;Nico Mannion;2021;2.0
26883;Nikola Jokic;2021;3.0
26902;Joel Embiid;2021;0.0
26910;Karl-Anthony Towns;2021;3.0
26936;Deni Avdija;2021;3.0
26954;Josh Okogie;2021;3.0
26992;Robert Covington;2021;0.0
26993;Cody Zeller;2021;1.0
27000;Juancho Hernangomez;2021;4.0
27065;Saben Lee;2021;4.0
27215;James Ennis;2021;1.0
27220;Darius Miller;2021;2.0
27221;Mychal Mulder;2021;4.0
27224;Paul Watson;2021;2.0
27235;DeAndre' Bembry;2021;2.0
27239;Kyle Guy;2021;4.0
27240;Sindarius Thornwell;2021;4.0
27245;Jalen Lecque;2021;2.0
27252;Trent Forrest;2021;4.0
27255;Jordan Poole;2021;4.0
27260;Jeremy Lamb;2021;3.0
27311;Mohamed Bamba;2021;4.0
27327;Boban Marjanovic;2021;4.0
27331;Daniel Theis;2021;4.0
27337;Alex Len;2021;4.0
27354;Enes Kanter;2021;2.0
27362;Aaron Nesmith;2021;4.0
27374;Jabari Parker;2021;3.0
27395;Cassius Stanley;2021;3.0
27407;Victor Oladipo;2021;1.0
27421;Seth Curry;2021;1.0
27423;Eric Gordon;2021;3.0
27432;Danilo Gallinari;2021;3.0
27459;Cam Reddish;2021;1.0
27582;Jeff Teague;2021;1.0
27630;Vlatko Cancar;2021;4.0
27659;Bradley Beal;2021;1.0
27680;Dejounte Murray;2021;1.0
27718;Jakob Poeltl;2021;4.0
27814;Devin Vassell;2021;4.0
27820;Anfernee Simons;2021;4.0
27832;Sean McDermott;2021;4.0
27853;Abdel Nader;2021;2.0
27865;Keita Bates-Diop;2021;4.0
27888;Danuel House;2021;4.0
27889;Luke Kornet;2021;2.0
27909;Carmelo Anthony;2021;2.0
27919;Dillon Brooks;2021;0.0
27927;Markelle Fultz;2021;1.0
27967;Derrick Favors;2021;4.0
28180;Shake Milton;2021;3.0
28203;Rodney McGruder;2021;4.0
28214;Jaylen Nowell;2021;4.0
28226;Jordan Bone;2021;2.0
28260;Rajon Rondo;2021;4.0
28311;Brandon Goodwin;2021;3.0
28473;Mike Muscala;2021;2.0
28488;Robin Lopez;2021;4.0
28529;Al-Farouq Aminu;2021;0.0
28586;Furkan Korkmaz;2021;1.0
28626;Devontae Cacok;2021;3.0
28664;Cody Martin;2021;4.0
28696;Jarrett Culver;2021;4.0
28704;Quinndary Weatherspoon;2021;4.0
28710;Malik Monk;2021;4.0
28797;Patrick Patterson;2021;4.0
28821;Jahlil Okafor;2021;4.0
28835;Bam Adebayo;2021;0.0
28857;Grayson Allen;2021;1.0
29004;JaMychal Green;2021;4.0
29060;Jimmy Butler;2021;0.0
29074;Jahmi'us Ramsey;2021;2.0
29077;Ashton Hagans;2021;2.0
29090;Devon Dotson;2021;2.0
29096;Killian Hayes;2021;0.0
29189;Juan Toscano-Anderson;2021;3.0
29251;Luguentz Dort;2021;1.0
29275;Alen Smailagic;2021;4.0
29342;Wenyen Gabriel;2021;2.0
29437;Naz Reid;2021;4.0
29525;Tyrell Terry;2021;2.0
29559;Naji Marshall;2021;4.0
29701;Anthony Gill;2021;4.0
29751;Deividas Sirvydis;2021;2.0
29805;Nate Darling;2021;3.0
29847;Jared Harper;2021;2.0
30208;Theo Pinson;2021;2.0
30218;De'Anthony Melton;2021;3.0
30237;Ty-Shon Alexander;2021;4.0
30582;Aleksej Pokusevski;2021;4.0
30668;Adam Mokoka;2021;2.0
30858;Will Barton;2021;0.0
31126;Jalen McDaniels;2021;3.0
31155;Nathan Knight;2021;2.0
31162;Kostas Antetokounmpo;2021;2.0
31190;Andre Iguodala;2021;0.0
31242;Tacko Fall;2021;4.0
31360;Udoka Azubuike;2021;2.0
31546;Patrick McCaw;2021;3.0
31678;Jalen Harris;2021;4.0
31778;Isaiah Hartenstein;2021;3.0
31795;Jared Dudley;2021;2.0
31876;Luke Kennard;2021;0.0
32143;Jae Crowder;2021;3.0
35044;Marquese Chriss;2021;0.0
35090;Meyers Leonard;2021;4.0
35272;Kyle Kuzma;2021;0.0
35518;Reggie Perry;2021;4.0
37565;Cassius Winston;2021;2.0
37874;Chuma Okeke;2021;2.0
